Workbook

Sheet Combined
A1: Year | B1: OpenAlex | C1: Scopus
A2: 2009 | B2: =IFERROR(VLOOKUP(A2,OpenAlex!$A$2:$B$12,2,FALSE),0) -> 0 | C2: =IFERROR(VLOOKUP(A2,Scopus!$A$7:$B$18,2,FALSE),0) -> 1
A3: 2010 | B3: =IFERROR(VLOOKUP(A3,OpenAlex!$A$2:$B$12,2,FALSE),0) -> 0 | C3: =IFERROR(VLOOKUP(A3,Scopus!$A$7:$B$18,2,FALSE),0) -> 0
A4: 2011 | B4: =IFERROR(VLOOKUP(A4,OpenAlex!$A$2:$B$12,2,FALSE),0) -> 3 | C4: =IFERROR(VLOOKUP(A4,Scopus!$A$7:$B$18,2,FALSE),0) -> 2
A5: 2012 | B5: =IFERROR(VLOOKUP(A5,OpenAlex!$A$2:$B$12,2,FALSE),0) -> 0 | C5: =IFERROR(VLOOKUP(A5,Scopus!$A$7:$B$18,2,FALSE),0) -> 1
A6: 2013 | B6: =IFERROR(VLOOKUP(A6,OpenAlex!$A$2:$B$12,2,FALSE),0) -> 0 | C6: =IFERROR(VLOOKUP(A6,Scopus!$A$7:$B$18,2,FALSE),0) -> 0
A7: 2014 | B7: =IFERROR(VLOOKUP(A7,OpenAlex!$A$2:$B$12,2,FALSE),0) -> 0 | C7: =IFERROR(VLOOKUP(A7,Scopus!$A$7:$B$18,2,FALSE),0) -> 0
A8: 2015 | B8: =IFERROR(VLOOKUP(A8,OpenAlex!$A$2:$B$12,2,FALSE),0) -> 2 | C8: =IFERROR(VLOOKUP(A8,Scopus!$A$7:$B$18,2,FALSE),0) -> 0
A9: 2016 | B9: =IFERROR(VLOOKUP(A9,OpenAlex!$A$2:$B$12,2,FALSE),0) -> 0 | C9: =IFERROR(VLOOKUP(A9,Scopus!$A$7:$B$18,2,FALSE),0) -> 1
A10: 2017 | B10: =IFERROR(VLOOKUP(A10,OpenAlex!$A$2:$B$12,2,FALSE),0) -> 3 | C10: =IFERROR(VLOOKUP(A10,Scopus!$A$7:$B$18,2,FALSE),0) -> 0
A11: 2018 | B11: =IFERROR(VLOOKUP(A11,OpenAlex!$A$2:$B$12,2,FALSE),0) -> 3 | C11: =IFERROR(VLOOKUP(A11,Scopus!$A$7:$B$18,2,FALSE),0) -> 1
A12: 2019 | B12: =IFERROR(VLOOKUP(A12,OpenAlex!$A$2:$B$12,2,FALSE),0) -> 8 | C12: =IFERROR(VLOOKUP(A12,Scopus!$A$7:$B$18,2,FALSE),0) -> 4
A13: 2020 | B13: =IFERROR(VLOOKUP(A13,OpenAlex!$A$2:$B$12,2,FALSE),0) -> 11 | C13: =IFERROR(VLOOKUP(A13,Scopus!$A$7:$B$18,2,FALSE),0) -> 6
... A18: 2025 | B18: =IFERROR(VLOOKUP(A18,OpenAlex!$A$2:$B$12,2,FALSE),0) -> 5 | C18: =IFERROR(VLOOKUP(A18,Scopus!$A$7:$B$18,2,FALSE),0) -> 16

Sheet OpenAlex
A1: OpenAlex | D1: API | E1: https://api.openalex.org/works?page=1&filter=default.search:+%22marine+plastic%22++OR++%22plastic+pollution%22++OR++%22plastic+debris%22++OR++%22plastic+litter%22++OR++%22plastic+garbage%22,authorships.countries:countries/ph&sort=relevance_score:desc&per_page=10
A2: 2025 | B2: 5
A3: 2024 | B3: 35
A4: 2023 | B4: 58
A5: 2022 | B5: 34
A6: 2021 | B6: 22
A7: 2020 | B7: 11
A8: 2019 | B8: 8
A9: 2018 | B9: 3
A10: 2017 | B10: 3
A11: 2015 | B11: 2
A12: 2011 | B12: 3

Sheet Scopus
A1: Your query : (TITLE-ABS-KEY("marine plastic" OR "plastic pollution" OR "plastic debris" OR "plastic litter" OR "plastic garbage") AND ( LIMIT-TO ( AFFILCOUNTRY,"Philippines" ) ) )
A4: Number of results : 10
A6: YEAR
A7: 2025 | B7: 16
A8: 2024 | B8: 27
A9: 2023 | B9: 30
A10: 2022 | B10: 21
A11: 2021 | B11: 10
A12: 2020 | B12: 6
A13: 2019 | B13: 4
A14: 2018 | B14: 1
A15: 2016 | B15: 1
A16: 2012 | B16: 1
A17: 2011 | B17: 2
A18: 2009 | B18: 1
